<!-- [ Mirror metadata ] generatedAt: 1483700522942 -->
<!-- Generated screen file. Fill the id tags below with content with
which to populate your previewed layout. For a complete specification
of sample data, please see http://jimulabs.com/sample-data-specifications/ 

Valid attributes on <screen> tag: theme="@style/someTheme" inEditMode="false" overlay="@drawable/mockup" -->
<screen>
    <_content layout="@layout/activity_vendor_change_password">
        <!-- TextView Examples:
        <txtOldPassword text="@string/string_resource" />
        <txtOldPassword text="Text literal" textSize="14sp" /> -->
        <txtOldPassword />
        <txtErrorMsgOldPassword />
        <txtNewPassword />
        <txtConfirmPassword />
        <txtErrorMsgConfirmPassword />
    </_content>
</screen>
