<!-- [ Mirror metadata ] generatedAt: 1483700522931 -->
<!-- Generated screen file. Fill the id tags below with content with
which to populate your previewed layout. For a complete specification
of sample data, please see http://jimulabs.com/sample-data-specifications/ 

Valid attributes on <screen> tag: theme="@style/someTheme" inEditMode="false" overlay="@drawable/mockup" -->
<screen>
    <_content layout="@layout/activity_member_dashboard">
        <!-- TextView Examples:
        <txtBalance text="@string/string_resource" />
        <txtBalance text="Text literal" textSize="14sp" /> -->
        <txtBalance />
        <txtSend />
        <txtPay />
        <txtAddress />
        <txtPhoto />
        <txtPassword />
        <txtMe />
        <txtReports />
    </_content>
</screen>
