<!-- [ Mirror metadata ] generatedAt: 1483700522954 -->
<!-- Generated screen file. Fill the id tags below with content with
which to populate your previewed layout. For a complete specification
of sample data, please see http://jimulabs.com/sample-data-specifications/ 

Valid attributes on <screen> tag: theme="@style/someTheme" inEditMode="false" overlay="@drawable/mockup" -->
<screen>
    <_content layout="@layout/fragment_withdrawal">
        <!-- TextView Examples:
        <txtPanMsg text="@string/string_resource" />
        <txtPanMsg text="Text literal" textSize="14sp" /> -->
        <txtPanMsg />
        <txtBalance />
        <txtWithdrawalAmountTitle />
        <txtTDS />
        <etTDS />
        <txtPayableAmount />
        <etPayableAmount />
    </_content>
</screen>
