<!-- [ Mirror metadata ] generatedAt: 1483700522962 -->
<!-- Generated screen file. Fill the id tags below with content with
which to populate your previewed layout. For a complete specification
of sample data, please see http://jimulabs.com/sample-data-specifications/ 

Valid attributes on <screen> tag: theme="@style/someTheme" inEditMode="false" overlay="@drawable/mockup" -->
<screen>
    <_content layout="@layout/list_item_fund_transfer_report">
        <!-- TextView Examples:
        <txtEntryDate text="@string/string_resource" />
        <txtEntryDate text="Text literal" textSize="14sp" /> -->
        <txtEntryDate />
        <txtToId />
        <txtAmount />
        <txtCharges />
        <txtNetAmount />
    </_content>
</screen>
